Фамилия;Имя;Отчество;Пол;Телефон;Дата рождения;Email;Дата регистрации;Паспорт;Код
Кузьмина;Дэнна;Витальевна;2;7(9940)977-45-73 ;24.08.1993;nichoj@mac.com;27.03.2016;Паспорта\passport1.png;1
Мамонтова;Марфа;Мироновна;2;7(38)095-64-18 ;19.10.1984;rfoley@verizon.net;27.02.2018;Паспорта\passport2.png;2
Степанова;Амелия;Робертовна;2;7(1217)441-28-42 ;06.06.1970;rasca@hotmail.com;27.09.2017;Паспорта\passport3.png;3
Колесникова;Алина;Еремеевна;2;7(74)977-39-71 ;19.04.2001;gfxguy@outlook.com;18.01.2017;Паспорта\passport4.png;4
Морозов;Наум;Валерьянович;1;7(636)050-96-13 ;04.07.1985;salesgeek@mac.com;02.05.2016;Паспорта\passport5.png;5
Сысоева;Дарина;Ярославовна;2;7(0698)387-96-04 ;03.02.1982;treit@verizon.net;13.05.2016;Паспорта\passport6.png;6
Горбачёва;Никки;Еремеевна;2;7(94)789-69-20 ;21.04.1987;chinthaka@att.net;16.08.2018;Паспорта\passport7.png;7
Бирюкова;Инара;Улебовна;2;7(098)346-50-58 ;21.07.1978;smpeters@hotmail.com;01.10.2017;Паспорта\passport8.png;8
Киселёв;Устин;Яковлевич;1;7(83)334-52-76 ;08.01.1985;dalamb@verizon.net;21.06.2018;Паспорта\passport9.png;9
Крюкова;Авигея;Святославовна;2;7(499)318-88-53 ;10.08.2000;simone@gmail.com;03.01.2018;Паспорта\passport10.png;10
Костина;Любава;Авксентьевна;2;7(6419)959-21-87 ;13.07.1972;gordonjcp@hotmail.com;26.02.2016;Паспорта\passport11.png;11
Попова;Харита;Якуновна;2;7(335)386-81-06 ;16.12.1997;firstpr@verizon.net;05.07.2016;Паспорта\passport12.png;12
Андреева;Патрисия;Валерьевна;2;7(9648)953-81-26 ;18.11.1993;jigsaw@aol.com;17.07.2016;Паспорта\passport13.png;13
Гусева;Роза;Дмитриевна;2;7(23)064-51-84 ;13.02.1999;martyloo@live.com;12.12.2017;Паспорта\passport14.png;14
Быков;Трофим;Константинович;1;7(3414)460-12-05 ;20.12.1994;jguyer@aol.com;17.04.2016;Паспорта\passport15.png;15
Гусев;Яков;Авксентьевич;1;7(0972)781-11-37 ;10.12.1995;jdhedden@icloud.com;20.11.2017;Паспорта\passport16.png;16
Турова;Георгина;Семёновна;2;7(555)321-42-99 ;28.05.1974;yruan@optonline.net;22.02.2018;Паспорта\passport17.png;17
Трофимова;Альжбета;Якововна;2;7(1084)658-92-95 ;22.10.1988;gbacon@mac.com;21.09.2017;Паспорта\passport18.png;18
Баранова;Эльмира;Дмитриевна;2;7(9240)643-15-50 ;15.01.1977;jgmyers@comcast.net;08.07.2016;Паспорта\passport19.png;19
Федотов;Осип;Анатольевич;1;7(590)702-33-06 ;13.04.1971;breegster@hotmail.com;23.07.2018;Паспорта\passport20.png;20
Борисов;Аввакум;Артемович;1;7(2296)930-08-88 ;25.04.1974;chlim@live.com;11.03.2017;Паспорта\passport21.png;21
Артемьева;Лиза;Максимовна;2;7(696)972-70-21 ;17.05.1996;snunez@yahoo.ca;07.10.2018;Паспорта\passport22.png;22
Воронова;Изабелла;Вячеславовна;2;7(17)433-44-98 ;24.09.1999;kildjean@sbcglobal.net;21.12.2017;Паспорта\passport23.png;23
Федотова;Сандра;Владленовна;2;7(126)195-25-86 ;29.03.1985;penna@verizon.net;08.11.2016;Паспорта\passport24.png;24
Ефремов;Витольд;Авксентьевич;1;7(93)922-14-03 ;02.12.1975;kwilliams@yahoo.ca;09.04.2018;Паспорта\passport25.png;25
Ермакова;Алла;Мироновна;2;7(06)437-13-73 ;22.01.1976;whimsy@aol.com;09.02.2017;Паспорта\passport26.png;26
Шашкова;Гелла;Эдуардовна;2;7(57)446-21-04 ;24.02.1979;jadavis@mac.com;16.11.2016;Паспорта\passport27.png;27
Быкова;Тала;Георгьевна;2;7(13)915-53-53 ;22.02.2000;ganter@optonline.net;13.08.2016;Паспорта\passport28.png;28
Орлова;Влада;Мартыновна;2;7(2506)433-38-35 ;26.06.1990;rnelson@yahoo.ca;21.03.2016;Паспорта\passport29.png;29
Анисимова;Тамара;Витальевна;2;7(66)128-04-10 ;16.06.1988;schwaang@mac.com;25.02.2016;Паспорта\passport30.png;30
Архипова;Прасковья;Валерьевна;2;7(86)540-10-21 ;09.01.1979;cgcra@live.com;23.07.2018;Паспорта\passport31.png;31
Новиков;Адриан;Аркадьевич;1;7(70)572-33-62 ;15.01.1974;multiplx@verizon.net;23.11.2018;Паспорта\passport32.png;32
Лазарева;Эльвина;Робертовна;2;7(5564)609-81-37 ;16.02.1996;ahuillet@comcast.net;11.04.2018;Паспорта\passport33.png;33
Афанасьева;Розалия;Макаровна;2;7(0661)413-23-32 ;01.05.1977;malattia@hotmail.com;06.09.2017;Паспорта\passport34.png;34
Устинова;Юнона;Валентиновна;2;7(33)367-13-07;08.08.1982;kempsonc@live.com;28.05.2017;Паспорта\passport35.png;35
Алексеева;Элина;Матвеевна;2;7(8086)245-64-81 ;07.05.2002;pthomsen@verizon.net;28.03.2018;Паспорта\passport36.png;36
Гущина;Янита;Федоровна;2;7(4544)716-68-96 ;02.03.1999;lishoy@att.net;01.02.2018;Паспорта\passport37.png;37
Суворова;Божена;Анатольевна;2;7(347)895-86-57 ;09.03.1981;attwood@aol.com;28.01.2016;Паспорта\passport38.png;38
Горшкова;Марта;Иосифовна;2;7(544)650-59-03;13.02.2001;gbacon@mac.com;04.08.2016;Паспорта\passport39.png;39
Смирнов;Мартын;Арсеньевич;1;7(6251)589-02-43 ;25.06.1996;haddawy@live.com;07.02.2017;Паспорта\passport40.png;40
Корнилова;Анэля;Михайловна;2;7(20)980-01-60 ;02.04.1973;jonathan@aol.com;22.05.2016;Паспорта\passport41.png;41
Ефимова;Магда;Платоновна;2;7(9261)386-15-92 ;16.08.1995;rbarreira@me.com;01.08.2017;Паспорта\passport42.png;42
Бурова;Светлана;Лукьевна;2;7(358)173-82-21 ;04.01.1979;wsnyder@aol.com;13.10.2016;Паспорта\passport43.png;43
Сидорова;Татьяна;Михайловна;2;7(51)732-91-79 ;24.04.1974;tbeck@mac.com;03.10.2018;Паспорта\passport44.png;44
Ершова;Номи;Андреевна;2;7(7757)315-90-99 ;13.09.2001;miltchev@mac.com;30.06.2016;Паспорта\passport45.png;45
Овчинникова;Лаура;Еремеевна;2;7(85)829-33-79 ;03.04.1992;carcus@yahoo.ca;24.11.2018;Паспорта\passport46.png;46
Мишина;Иветта;Андреевна;2;7(3926)244-81-96 ;05.10.2002;aukjan@yahoo.com;24.01.2016;Паспорта\passport47.png;47
Колобова;Злата;Романовна;2;7(50)884-07-35 ;25.08.1994;sinkou@aol.com;03.12.2016;Паспорта\passport48.png;48
Селиверстов;Глеб;Максимович;1;7(20)554-28-68 ;20.06.1999;jigsaw@sbcglobal.net;07.01.2016;Паспорта\passport49.png;49
Дмитриева;Элина;Даниловна;2;7(787)140-48-84 ;10.12.1988;vmalik@live.com;11.02.2017;Паспорта\passport50.png;50
