Продукт;Фото
1;Ассортимент\CreamHand.png
2;Ассортимент\CreamFace.png
3;Ассортимент\MaskFace.png
4;Ассортимент\Shamp.png
5;Ассортимент\Con.png
6;Ассортимент\Bal.png
7;Ассортимент\Brush.png
8;Ассортимент\Oil.png
9;Ассортимент\Scr.png
10;Ассортимент\Pil.png
11;Ассортимент\Manik.png
12;Ассортимент\ManikLak.png
13;Ассортимент\MaskHair.png
14;Ассортимент\ColorHair.png
15;Ассортимент\BleachHair.png
16;Ассортимент\BleachHairOx.png
17;Ассортимент\MassBrush.png
18;Ассортимент\Parfum.png
19;Ассортимент\ParfumProb.png
20;Ассортимент\ParfumOil.png