Услуга;Фото
1;Сервис\NarRes.png
2;Сервис\ModRes.png
3;Сервис\LamRes.png
4;Сервис\RusSpa.png
5;Сервис\Mezoterapia.png
6;Сервис\PoluPer.png
7;Сервис\ExSpa.png
8;Сервис\Pirs.png
9;Сервис\MasOil.png
10;Сервис\Press.png
11;Сервис\EuMan.png
12;Сервис\DelSkin.png
13;Сервис\SpainMas.png
14;Сервис\DollRes.png
15;Сервис\ColorHairStyle.png
16;Сервис\Detox.png
17;Сервис\StoneTer.png
18;Сервис\RadioLif.png
19;Сервис\HimStyle.png
20;Сервис\AlMask.png
21;Сервис\SportMas.png
22;Сервис\HealthNails.png
23;Сервис\Rekonst.png
24;Сервис\ClassicMan.png
25;Сервис\DoctorKons.png
26;Сервис\FoxRes.png
27;Сервис\Pedikur.png
28;Сервис\GrechaMas.png
29;Сервис\ComboManik.png
30;Сервис\Fonorez.png
31;Сервис\Tatuazh.png
32;Сервис\HimPil.png
33;Сервис\PlazmLift.png
34;Сервис\CryoLift.png
35;Сервис\BasePil.png
36;Сервис\ColorRes.png
37;Сервис\CorrRes.png
38;Сервис\Young.png
39;Сервис\ArtistRes.png
40;Сервис\EstFace.png
41;Сервис\ZHIVA.png
42;Сервис\Makeup.png
43;Сервис\Timeto.png
44;Сервис\ResOut.png
45;Сервис\Eyebrows.png
46;Сервис\Beard.png
47;Сервис\MaskFaceService.png
48;Сервис\TatuazhService.png
49;Сервис\CareFace.png
50;Сервис\EarsProkol.png
51;Сервис\RemontNail.png
52;Сервис\PolOil.png
53;Сервис\YoungerEyes.png
54;Сервис\Cosmetologia.png
55;Сервис\CosmetologKons.png
56;Сервис\Vizazh.png
57;Сервис\DeMakeUp.png
58;Сервис\CorrectRes.png
59;Сервис\KidsHairCut.png
60;Сервис\MansHairCut.png
61;Сервис\EveningHairStyle.png
62;Сервис\BelichEff.png
63;Сервис\Mezoniti.png
64;Сервис\PokNail.png
65;Сервис\HawaiiMas.png
66;Сервис\Paraphin.png
67;Сервис\Ozon.png
68;Сервис\Mindal.png
69;Сервис\GelLak.png
70;Сервис\StrazRes.png
71;Сервис\MicroTok.png
72;Сервис\FrontHairCut.png
73;Сервис\LazerPil.png
74;Сервис\MasFace.png
75;Сервис\SnyatieLaka.png
76;Сервис\ClassicPedikur.png
77;Сервис\ClassicMass.png
78;Сервис\ColorEyebrows.png
79;Сервис\NarashGel.png
80;Сервис\Botox.png
81;Сервис\InekTech.png
82;Сервис\ColorRes.png
83;Сервис\WeddingHairStyle.png
84;Сервис\ModRes.png
85;Сервис\MioStim.png
86;Сервис\Sugaring.png
87;Сервис\UkrenNail.png
88;Сервис\Solyari.png
89;Сервис\MomentLift.png
90;Сервис\KidsMan.png
91;Сервис\UltraSound.png
92;Сервис\Ik.png
93;Сервис\ConturPlast.png
94;Сервис\DecorResStr.png
95;Сервис\Wax.png
96;Сервис\PolyNail.png
97;Сервис\FrakLazer.png
98;Сервис\Collagen.png
99;Сервис\HealthMas.png
100;Сервис\CommonMas.png
